Workbook

Sheet Transactions
A1: TransactionID | B1: DateTime | C1: Action | D1: Product | E1: Quantity | F1: Employee | G1: Note
A2: T0009 | B2: 46235.333 | C2: เข้า | D2: P009 | E2: 79 | F2: E005 | G2: ยอดตั้งต้น/รับสินค้า
A3: T0002 | B3: 46235.361 | C3: เข้า | D3: P002 | E3: 77 | F3: E003 | G3: ยอดตั้งต้น/รับสินค้า
A4: T0007 | B4: 46235.382 | C4: เข้า | D4: P007 | E4: 67 | F4: E002 | G4: ยอดตั้งต้น/รับสินค้า
A5: T0008 | B5: 46235.382 | C5: เข้า | D5: P008 | E5: 87 | F5: E002 | G5: ยอดตั้งต้น/รับสินค้า
A6: T0006 | B6: 46235.396 | C6: เข้า | D6: P006 | E6: 59 | F6: E004 | G6: ยอดตั้งต้น/รับสินค้า
A7: T0017 | B7: 46235.399 | C7: ออก | D7: P009 | E7: 7 | F7: E004 | G7: เบิกใช้งาน
A8: T0013 | B8: 46235.413 | C8: ออก | D8: P009 | E8: 1 | F8: E001 | G8: ใช้ในการผลิต
A9: T0001 | B9: 46235.417 | C9: เข้า | D9: P001 | E9: 61 | F9: E002 | G9: ยอดตั้งต้น/รับสินค้า
A10: T0010 | B10: 46235.417 | C10: เข้า | D10: P010 | E10: 71 | F10: E005 | G10: ยอดตั้งต้น/รับสินค้า
A11: T0011 | B11: 46235.427 | C11: ออก | D11: P001 | E11: 4 | F11: E002 | G11: เบิกใช้งาน
A12: T0003 | B12: 46235.438 | C12: เข้า | D12: P003 | E12: 84 | F12: E004 | G12: ยอดตั้งต้น/รับสินค้า
A13: T0004 | B13: 46235.438 | C13: เข้า | D13: P004 | E13: 88 | F13: E003 | G13: ยอดตั้งต้น/รับสินค้า
... A291: T0289 | B291: 46264.726 | C291: ออก | D291: P002 | E291: 8 | F291: E004 | G291: ขายหน้าร้าน

Sheet Products
A1: ProductID | B1: ProductName | C1: Unit | D1: Category | E1: MinimumStock
A2: P001 | B2: กาแฟคั่ว | C2: ถุง | D2: วัตถุดิบ | E2: 20
A3: P002 | B3: ชาไทย | C3: ถุง | D3: วัตถุดิบ | E3: 15
A4: P003 | B4: น้ำตาล | C4: กก. | D4: วัตถุดิบ | E4: 25
A5: P004 | B5: นมสด | C5: ขวด | D5: วัตถุดิบ | E5: 18
A6: P005 | B6: นมข้นหวาน | C6: กระป๋อง | D6: วัตถุดิบ | E6: 12
A7: P006 | B7: ไซรัปวานิลลา | C7: ขวด | D7: วัตถุดิบ | E7: 8
A8: P007 | B8: แก้วพลาสติก 16 oz | C8: แพ็ก | D8: บรรจุภัณฑ์ | E8: 10
A9: P008 | B9: ฝาแก้ว 16 oz | C9: แพ็ก | D9: บรรจุภัณฑ์ | E9: 10
A10: P009 | B10: หลอด | C10: แพ็ก | D10: บรรจุภัณฑ์ | E10: 8
A11: P010 | B11: ถุงหิ้ว | C11: แพ็ก | D11: บรรจุภัณฑ์ | E11: 6

Sheet Employees
A1: EmployeeID | B1: EmployeeName
A2: E001 | B2: กิตติ
A3: E002 | B3: พิมพ์ชนก
A4: E003 | B4: ธนกร
A5: E004 | B5: ศิริพร
A6: E005 | B6: ณัฐวุฒิ

Sheet Stock
A1: ProductID | B1: ProductName | C1: Unit | D1: MinimumStock | E1: TotalIn | F1: TotalOut | G1: Balance | H1: Status
A2: P001 | B2: กาแฟคั่ว | C2: ถุง | D2: 20 | E2: =SUMIFS(Transactions!$E$2:$E$291,Transactions!$D$2:$D$291,A2,Transactions!$C$2:$C$291,"เข้า") -> 264 | F2: =SUMIFS(Transactions!$E$2:$E$291,Transactions!$D$2:$D$291,A2,Transactions!$C$2:$C$291,"ออก") -> 88 | G2: =E2-F2 -> 176 | H2: =IF(G2<=D2,"ควรเติมสินค้า","ปกติ") -> ปกติ
A3: P002 | B3: ชาไทย | C3: ถุง | D3: 15 | E3: =SUMIFS(Transactions!$E$2:$E$291,Transactions!$D$2:$D$291,A3,Transactions!$C$2:$C$291,"เข้า") -> 299 | F3: =SUMIFS(Transactions!$E$2:$E$291,Transactions!$D$2:$D$291,A3,Transactions!$C$2:$C$291,"ออก") -> 92 | G3: =E3-F3 -> 207 | H3: =IF(G3<=D3,"ควรเติมสินค้า","ปกติ") -> ปกติ
A4: P003 | B4: น้ำตาล | C4: กก. | D4: 25 | E4: =SUMIFS(Transactions!$E$2:$E$291,Transactions!$D$2:$D$291,A4,Transactions!$C$2:$C$291,"เข้า") -> 277 | F4: =SUMIFS(Transactions!$E$2:$E$291,Transactions!$D$2:$D$291,A4,Transactions!$C$2:$C$291,"ออก") -> 122 | G4: =E4-F4 -> 155 | H4: =IF(G4<=D4,"ควรเติมสินค้า","ปกติ") -> ปกติ
A5: P004 | B5: นมสด | C5: ขวด | D5: 18 | E5: =SUMIFS(Transactions!$E$2:$E$291,Transactions!$D$2:$D$291,A5,Transactions!$C$2:$C$291,"เข้า") -> 297 | F5: =SUMIFS(Transactions!$E$2:$E$291,Transactions!$D$2:$D$291,A5,Transactions!$C$2:$C$291,"ออก") -> 74 | G5: =E5-F5 -> 223 | H5: =IF(G5<=D5,"ควรเติมสินค้า","ปกติ") -> ปกติ
A6: P005 | B6: นมข้นหวาน | C6: กระป๋อง | D6: 12 | E6: =SUMIFS(Transactions!$E$2:$E$291,Transactions!$D$2:$D$291,A6,Transactions!$C$2:$C$291,"เข้า") -> 285 | F6: =SUMIFS(Transactions!$E$2:$E$291,Transactions!$D$2:$D$291,A6,Transactions!$C$2:$C$291,"ออก") -> 109 | G6: =E6-F6 -> 176 | H6: =IF(G6<=D6,"ควรเติมสินค้า","ปกติ") -> ปกติ
A7: P006 | B7: ไซรัปวานิลลา | C7: ขวด | D7: 8 | E7: =SUMIFS(Transactions!$E$2:$E$291,Transactions!$D$2:$D$291,A7,Transactions!$C$2:$C$291,"เข้า") -> 161 | F7: =SUMIFS(Transactions!$E$2:$E$291,Transactions!$D$2:$D$291,A7,Transactions!$C$2:$C$291,"ออก") -> 91 | G7: =E7-F7 -> 70 | H7: =IF(G7<=D7,"ควรเติมสินค้า","ปกติ") -> ปกติ
A8: P007 | B8: แก้วพลาสติก 16 oz | C8: แพ็ก | D8: 10 | E8: =SUMIFS(Transactions!$E$2:$E$291,Transactions!$D$2:$D$291,A8,Transactions!$C$2:$C$291,"เข้า") -> 297 | F8: =SUMIFS(Transactions!$E$2:$E$291,Transactions!$D$2:$D$291,A8,Transactions!$C$2:$C$291,"ออก") -> 132 | G8: =E8-F8 -> 165 | H8: =IF(G8<=D8,"ควรเติมสินค้า","ปกติ") -> ปกติ
A9: P008 | B9: ฝาแก้ว 16 oz | C9: แพ็ก | D9: 10 | E9: =SUMIFS(Transactions!$E$2:$E$291,Transactions!$D$2:$D$291,A9,Transactions!$C$2:$C$291,"เข้า") -> 255 | F9: =SUMIFS(Transactions!$E$2:$E$291,Transactions!$D$2:$D$291,A9,Transactions!$C$2:$C$291,"ออก") -> 60 | G9: =E9-F9 -> 195 | H9: =IF(G9<=D9,"ควรเติมสินค้า","ปกติ") -> ปกติ
A10: P009 | B10: หลอด | C10: แพ็ก | D10: 8 | E10: =SUMIFS(Transactions!$E$2:$E$291,Transactions!$D$2:$D$291,A10,Transactions!$C$2:$C$291,"เข้า") -> 214 | F10: =SUMIFS(Transactions!$E$2:$E$291,Transactions!$D$2:$D$291,A10,Transactions!$C$2:$C$291,"ออก") -> 85 | G10: =E10-F10 -> 129 | H10: =IF(G10<=D10,"ควรเติมสินค้า","ปกติ") -> ปกติ
A11: P010 | B11: ถุงหิ้ว | C11: แพ็ก | D11: 6 | E11: =SUMIFS(Transactions!$E$2:$E$291,Transactions!$D$2:$D$291,A11,Transactions!$C$2:$C$291,"เข้า") -> 307 | F11: =SUMIFS(Transactions!$E$2:$E$291,Transactions!$D$2:$D$291,A11,Transactions!$C$2:$C$291,"ออก") -> 69 | G11: =E11-F11 -> 238 | H11: =IF(G11<=D11,"ควรเติมสินค้า","ปกติ") -> ปกติ

Sheet คู่มือการสอน
A1: ชุดข้อมูลจำลอง 30 วัน: ระบบบันทึกสินค้าเข้า–ออกด้วย Google Sheets + AppSheet
A3: Sheet | B3: วัตถุประสงค์
A4: Products | B4: Master Data รายการสินค้า หน่วย หมวดหมู่ และ Minimum Stock
A5: Employees | B5: Master Data รายชื่อพนักงาน
A6: Transactions | B6: ข้อมูลจำลอง 30 วัน จำนวน 290 รายการ สำหรับใช้สร้าง Form และทดสอบ AppSheet
A7: Stock | B7: สรุป Total In, Total Out, Balance และแจ้งเตือนเมื่อถึง Minimum Stock
A8: คู่มือการสอน | B8: แนวทางกิจกรรมและโจทย์สำหรับนักศึกษา
A10: กิจกรรม | B10: โจทย์
A11: 1. Data Structure | B11: ให้นักศึกษาอธิบายความสัมพันธ์ Products → Transactions และ Employees → Transactions
A12: 2. AppSheet Form | B12: สร้างฟอร์มบันทึกสินค้าเข้า/ออก โดยไม่ให้ผู้ใช้กรอก TransactionID และ DateTime เอง
A13: 3. Reference | B13: ตั้ง Product และ Employee เป็น Ref เพื่อให้เลือกจาก Master Data
A14: 4. Stock Analysis | B14: สร้างมุมมองแสดงสินค้าคงเหลือ และหาสินค้าที่ควรเติม
A15: 5. Filter | B15: ค้นหารายการสินค้าออกของพนักงานแต่ละคนในช่วง 30 วัน
A16: 6. Dashboard | B16: สร้าง Dashboard แสดง Stock คงเหลือและประวัติ Transactions ล่าสุด
